<?xml version='1.0' encoding='UTF-8'?>  
<!DOCTYPE hibernate-configuration PUBLIC  
          "-//Hibernate/Hibernate Configuration DTD 3.0//EN"  
          "http://hibernate.sourceforge.net/hibernate-configuration-3.0.dtd">
        <hibernate-configuration>
        <session-factory>
        <property name="hbm2ddl.auto">create</property>
  <property name="show_sql">true</property>
  <property name="dialect">org.hibernate.dialect.Oracle10gDialect</property>
  <property name="connection.username">sh</property>
  <property name="connection.password">sh</property>
  <property name="connection.url">jdbc:oracle:thin:@10.1.50.198:1521:orcl</property>
  <property name="connection.driver_class">oracle.jdbc.driver.OracleDriver</property>
   <!--  <property name="cache.use_second_level_cache">true</property>
     <property name="cache.provider_class">org.hibernate.cache.EhCacheProvider</property>
    <mapping class="com.nucleus.Book" />
         <mapping class="com.mapping.ParentA" />
          <mapping class="com.mapping.ChildB" />
           <mapping class="com.mapping.Passp" />
           
            <mapping class="com.nucleus.pack3.Football" />
             <mapping class="com.nucleus.pack3.Player" /> -->
             <mapping class="com.nucleus.pack5.House" />
          <mapping class="com.nucleus.pack6.A" />
          <mapping class="com.nucleus.pack6.B" />
        </session-factory>
        </hibernate-configuration>
            